,Lateral_ID (i),~y(1)(i),~y(2)(i),~y(3)(i),~y(4)(i),N(i),Lateral Anomaly Status x(i),Affected Customers s(i)
0,1,0,0,0,1,3,1,0.666666667
1,2,0,14,0,56,40,2,0.65
2,3,0,0,0,0,16,0,0
3,4,0,0,4,8,19,1,0.631578947
4,5,0,0,0,0,8,0,0
5,6,0,0,0,0,19,0,0
6,7,0,0,3,8,29,1,0.517241379
7,8,0,0,2,11,33,1,0.515151515
8,9,0,0,0,0,13,0,0
9,10,0,0,0,0,38,0,0
10,11,0,0,0,0,12,0,0
11,13,0,0,0,0,25,0,0
12,14,0,0,0,2,17,1,0.176470588
13,16,0,0,0,0,15,0,0
14,17,0,11,0,57,44,2,0.636363636
15,18,0,0,0,0,47,0,0
16,19,0,0,4,5,39,1,0.461538462
17,20,0,0,0,0,39,0,0
18,21,0,6,11,16,18,2,0.555555556
19,22,0,0,0,0,1,1,1
20,23,0,0,0,0,37,0,0
21,26,0,0,0,0,6,0,0
22,27,0,2,0,3,9,2,0.222222222
23,28,0,0,1,9,7,1,1
24,29,0,0,0,0,8,0,0
25,30,0,3,8,22,21,2,0.476190476
26,31,0,0,0,0,48,0,0
27,32,0,14,42,51,45,2,0.777777778
28,33,0,0,0,0,50,0,0
29,34,0,0,0,0,6,0,0
30,35,0,0,0,0,9,0,0
31,36,0,18,58,0,47,2,0.872340426
32,37,0,0,0,0,27,0,0
33,38,0,14,53,49,38,2,0.710526316
34,39,0,1,1,1,1,2,1
35,40,0,0,0,18,41,1,0.707317073
36,41,0,0,13,14,50,2,0.2
37,43,0,0,0,0,36,0,0
38,45,0,0,0,0,47,0,0
39,46,0,0,0,0,22,0,0
40,47,0,0,5,3,50,1,0.12
41,48,0,5,12,0,16,2,0.4375
42,49,0,0,1,0,40,1,0.2
43,50,0,0,2,6,27,1,0.407407407
44,51,0,1,0,5,35,2,0.057142857
45,52,0,16,49,68,46,2,0.97826087
46,53,0,0,0,0,11,0,0
47,54,0,0,0,0,12,0,0
48,56,0,0,1,0,8,1,0.125
49,57,0,9,0,42,33,2,0.727272727
50,58,0,0,1,3,24,2,0.125
51,59,0,0,0,6,5,2,0.8
52,60,0,0,5,7,15,1,1
53,61,0,0,0,0,7,0,0
54,62,0,0,11,13,43,1,0.720930233
55,63,0,12,21,33,23,2,0.826086957
56,64,0,0,1,0,25,1,0.12
57,67,0,0,0,0,39,0,0
58,68,0,0,0,0,44,0,0
59,69,0,0,0,0,13,0,0
60,70,0,0,3,3,14,1,0.857142857
61,71,0,0,6,4,29,1,0.551724138
62,72,0,0,0,0,38,0,0
63,73,0,0,35,49,49,2,0.530612245
64,75,0,0,0,0,21,0,0
65,76,0,0,0,0,43,0,0
66,77,0,0,0,0,37,0,0
67,78,0,5,0,30,9,2,1
68,79,0,4,2,3,28,2,0.142857143
69,80,0,26,0,62,47,2,0.680851064
70,81,0,16,31,54,46,2,0.608695652
71,82,0,3,4,5,3,2,1
72,83,0,6,11,24,31,2,0.290322581
73,86,0,7,12,18,36,2,0.277777778
74,87,0,0,0,15,26,1,0.961538462
75,88,0,0,0,0,13,0,0
76,89,0,0,2,0,3,2,0.666666667
77,91,0,0,0,0,5,0,0
78,92,0,0,0,2,22,1,0.136363636
79,93,0,1,6,8,46,2,0.130434783
80,94,0,17,33,56,32,2,0.96875
81,95,0,0,0,0,32,0,0
82,96,0,0,0,0,19,0,0
83,98,0,0,9,10,37,1,0.702702703
84,100,0,0,0,5,21,1,0.619047619
85,101,0,0,0,0,32,0,0
86,102,0,0,9,22,38,1,1
87,103,0,0,7,6,50,1,0.28
88,104,0,11,25,48,30,2,0.833333333
89,105,0,0,1,2,7,1,0.285714286
90,106,0,0,0,0,15,0,0
91,108,0,0,0,0,6,0,0
92,109,0,0,1,0,41,1,0.341463415
93,110,0,5,2,5,8,2,0.375
94,112,0,0,0,0,19,0,0
95,114,0,0,0,0,47,0,0
96,115,0,0,0,0,30,1,0.133333333
97,116,0,0,0,0,1,1,1
98,117,0,10,29,41,35,2,0.485714286
99,118,0,0,12,9,44,1,0.863636364
100,119,0,0,0,0,39,0,0
101,121,0,0,0,0,22,0,0
102,122,0,0,0,0,27,0,0
103,123,0,25,62,76,50,2,0.86
104,124,0,6,9,14,11,2,0.818181818
105,125,0,0,0,2,5,1,0.4
106,126,0,0,5,9,40,1,0.475
107,127,0,0,0,9,29,1,0.862068966
108,128,0,2,9,0,10,2,0.6
109,129,0,0,0,0,14,0,0
110,130,0,0,0,0,9,0,0
111,132,0,0,0,0,36,0,0
112,133,0,0,0,0,29,0,0
113,134,0,0,14,19,18,2,0.611111111
114,135,0,0,0,0,47,0,0
115,136,0,0,0,0,12,0,0
116,138,0,0,0,0,18,0,0
117,139,0,0,0,0,19,0,0
118,141,0,0,0,0,20,0,0
119,142,0,0,0,0,25,0,0
120,143,0,0,0,0,23,0,0
121,144,0,0,3,6,28,1,0.642857143
122,145,0,0,5,0,33,2,0.090909091
123,146,0,0,0,1,21,1,0.095238095
124,147,0,0,0,0,34,0,0
125,148,0,0,0,0,27,0,0
126,149,0,0,0,0,41,0,0
127,150,0,0,0,0,32,0,0
128,151,0,4,4,21,6,2,1
129,152,0,0,0,0,3,0,0
130,153,0,0,1,0,2,1,1
131,154,0,0,0,0,1,0,0
132,155,0,0,3,5,14,1,0.571428571
133,156,0,9,23,0,37,2,0.567567568
134,157,0,0,0,0,46,0,0
135,158,0,0,0,0,35,0,0
136,159,0,0,4,0,35,1,0.2
137,162,0,9,17,51,35,2,0.542857143
138,163,0,14,26,0,47,2,0.595744681
139,164,0,0,0,3,7,1,0.571428571
140,165,0,0,0,0,17,0,0
141,166,0,3,4,7,5,2,1
142,167,0,0,0,0,11,0,0
143,168,0,0,0,0,10,0,0
144,169,0,0,0,0,36,0,0
145,170,0,2,0,11,12,2,0.583333333
146,171,0,0,3,7,19,1,0.631578947
147,173,0,0,8,6,3,2,1
148,174,0,0,7,11,32,1,0.875
149,175,0,5,12,20,16,2,0.8125
150,176,0,0,0,0,11,0,0
151,177,0,1,0,2,26,2,0.076923077
152,178,0,0,1,3,9,1,0.555555556
153,180,0,0,0,0,23,0,0
154,181,0,0,0,0,36,0,0
155,182,0,0,0,0,49,0,0
156,183,0,0,0,0,49,0,0
157,184,0,7,5,9,26,2,0.307692308
158,185,0,0,0,0,19,0,0
159,187,0,0,0,0,8,0,0
160,189,0,0,0,15,43,1,0.790697674
161,190,0,0,0,0,28,0,0
162,191,0,9,0,34,39,2,0.538461538
163,192,0,0,0,0,32,0,0
164,193,0,0,1,2,46,1,0.065217391
165,195,0,0,0,0,29,0,0
166,197,0,0,5,0,35,1,0.314285714
167,199,0,0,0,0,23,0,0
168,200,0,0,0,0,13,1,0.153846154
169,201,0,0,1,5,10,1,0.6
170,203,0,0,0,0,42,0,0
171,204,0,6,16,0,40,2,0.4
172,205,0,6,11,19,27,2,0.37037037
173,206,0,0,0,0,18,0,0
174,207,0,0,0,0,44,0,0
175,208,0,0,0,0,7,0,0
176,209,0,0,0,0,50,0,0
177,210,0,0,2,4,32,2,0.09375
178,211,0,11,26,28,33,2,0.545454545
179,212,0,0,0,0,9,0,0
180,214,0,0,0,0,27,0,0
181,217,0,0,0,3,18,1,0.333333333
182,219,0,0,0,0,40,0,0
183,220,0,0,0,0,13,1,0.538461538
184,222,0,0,0,0,16,0,0
185,223,0,0,0,0,23,0,0
186,224,0,0,4,8,22,1,0.409090909
187,226,0,0,0,0,12,0,0
188,228,0,0,2,0,1,2,1
189,229,0,0,0,0,12,0,0
190,230,0,3,8,13,49,2,0.204081633
191,231,0,0,0,0,31,0,0
192,232,0,0,0,0,30,0,0
193,236,0,0,0,0,23,0,0
194,238,0,0,0,0,5,0,0
195,240,0,5,14,0,33,2,0.303030303
196,242,0,0,0,0,23,0,0
197,245,0,1,5,2,8,2,0.25
198,246,0,0,0,0,43,0,0
199,247,0,0,3,7,41,1,0.536585366
200,248,0,0,1,5,43,1,0.186046512
201,249,0,11,17,19,26,2,0.538461538
202,253,0,0,0,0,38,0,0
203,255,0,9,22,39,19,2,0.947368421
204,256,0,0,0,0,22,0,0
205,258,0,0,1,4,12,1,0.583333333
206,259,0,0,4,5,47,1,0.212765957
207,260,0,0,0,0,1,1,1
208,261,0,0,0,0,27,0,0
209,262,0,0,0,0,24,0,0
210,264,0,0,0,0,1,1,1
211,265,0,0,0,0,35,0,0
212,266,0,0,0,0,35,0,0
213,267,0,0,1,4,15,1,0.333333333
214,268,0,0,0,0,41,0,0
215,269,0,0,0,0,16,1,0.0625
216,271,0,0,1,2,5,1,0.6
217,272,0,0,0,0,2,0,0
218,273,0,0,0,1,1,1,1
219,274,0,0,0,0,44,0,0
220,275,0,0,2,10,46,1,0.52173913
221,276,0,0,0,0,2,0,0
222,277,0,0,0,0,11,0,0
223,278,0,0,0,0,34,0,0
224,280,0,0,11,15,30,1,0.966666667
225,281,0,0,0,0,32,0,0
226,282,0,0,2,1,3,1,1
227,283,0,0,0,0,36,0,0
228,284,0,0,0,0,2,0,0
229,285,0,0,2,2,26,1,0.384615385
230,286,0,0,1,3,32,1,0.3125
231,287,0,0,0,0,5,0,0
232,288,0,0,7,9,32,1,0.5
233,289,0,0,0,0,47,1,0.063829787
234,290,0,0,6,19,38,1,0.947368421
235,292,0,0,0,34,50,2,0.38
236,293,0,0,0,0,36,0,0
237,294,0,0,0,0,11,0,0
238,295,0,0,0,0,17,0,0
239,297,0,0,0,2,38,1,0.210526316
240,298,0,0,0,0,4,0,0
241,299,0,4,17,19,37,2,0.324324324
242,301,0,0,8,19,41,1,0.926829268
243,303,0,0,33,46,49,2,0.489795918
244,305,0,1,4,0,48,2,0.0625
245,306,0,0,0,0,5,0,0
246,307,0,13,0,62,39,2,0.948717949
247,308,0,0,0,4,18,1,0.388888889
248,309,0,0,0,0,23,0,0
249,310,0,0,0,2,16,1,0.75
250,311,0,0,16,19,48,1,0.875
251,312,0,0,0,0,31,0,0
252,313,0,0,0,0,19,0,0
253,314,0,0,0,0,30,0,0
254,315,0,0,0,0,6,0,0
255,316,0,0,3,1,3,1,0.666666667
256,317,0,0,0,16,32,1,0.9375
257,318,0,5,14,29,25,2,0.48
258,319,0,0,0,0,44,0,0
259,320,0,0,7,15,35,1,0.8
260,321,0,2,4,5,15,2,0.266666667
261,323,0,0,0,0,26,0,0
262,324,0,0,0,1,8,1,0.125
263,326,0,0,0,0,39,0,0
264,328,0,0,0,0,44,0,0
265,329,0,0,0,13,18,1,0.888888889
266,330,0,0,0,0,6,0,0
267,331,0,0,0,0,35,0,0
268,332,0,17,35,59,35,2,0.914285714
269,333,0,0,0,0,47,1,0.042553191
270,334,0,0,0,0,38,0,0
271,335,0,0,0,0,23,0,0
272,336,0,0,1,2,17,1,0.235294118
273,337,0,0,0,0,17,0,0
274,338,0,0,2,2,49,1,0.163265306
275,339,0,0,0,0,44,0,0
276,340,0,0,0,0,3,0,0
277,341,0,0,5,23,31,1,0.870967742
278,342,0,0,0,0,14,0,0
279,343,0,0,0,0,16,0,0
280,344,0,0,3,7,44,1,0.340909091
281,345,0,0,0,0,50,0,0
282,347,0,0,0,1,3,1,0.666666667
283,348,0,9,0,30,44,2,0.386363636
284,349,0,0,0,0,35,0,0
285,350,0,0,0,0,50,0,0
286,351,0,0,0,1,11,1,0.181818182
287,352,0,0,0,0,45,0,0
288,353,0,11,28,47,29,2,0.724137931
289,354,0,0,0,0,40,0,0
290,355,0,0,0,0,10,0,0
291,357,0,0,0,0,16,0,0
292,359,0,0,0,0,44,0,0
293,360,0,0,4,13,35,1,0.857142857
294,361,0,0,1,4,4,1,1
295,362,0,0,2,0,30,1,0.433333333
296,363,0,9,0,26,15,2,0.933333333
297,364,0,0,7,20,37,1,0.756756757
298,365,0,0,1,2,17,1,0.235294118
299,366,0,0,0,0,27,0,0
300,367,0,0,0,0,48,0,0
301,368,0,0,0,0,11,0,0
302,369,0,0,0,0,12,0,0
303,370,0,0,0,0,15,0,0
304,371,0,0,0,0,15,0,0
305,372,0,0,0,0,47,0,0
306,374,0,0,0,0,23,0,0
307,375,0,0,0,0,47,0,0
308,376,0,0,0,0,17,0,0
309,378,0,0,0,0,14,0,0
310,379,0,0,0,0,40,0,0
311,380,0,0,0,0,13,0,0
312,381,0,0,5,4,5,2,0.6
313,382,0,0,0,0,20,0,0
314,383,0,6,15,26,14,2,1
315,384,0,21,52,74,45,2,0.8
316,386,0,0,0,0,27,0,0
317,387,0,0,0,3,6,1,0.833333333
318,388,0,0,0,0,8,0,0
319,389,0,0,4,11,42,1,0.738095238
320,391,0,0,0,5,44,1,0.181818182
321,392,0,0,25,30,23,2,0.782608696
322,393,0,0,0,0,9,0,0
323,394,0,19,28,58,32,2,0.875
324,395,0,0,2,5,20,1,0.3
325,396,0,0,0,0,48,0,0
326,397,0,3,2,3,43,2,0.046511628
327,398,0,4,11,17,43,2,0.23255814
328,399,0,0,0,0,3,0,0
329,400,0,0,2,3,14,1,0.357142857
330,404,0,0,0,0,2,0,0
331,407,0,6,20,27,16,2,0.875
332,408,0,5,14,23,38,2,0.342105263
333,409,0,0,15,29,24,2,0.5
334,410,0,0,0,0,8,0,0
335,411,0,0,0,0,14,0,0
336,412,0,0,0,0,26,0,0
337,414,0,0,0,0,32,0,0
338,415,0,3,7,9,11,2,0.545454545
339,416,0,0,0,0,12,0,0
340,419,0,0,0,0,22,0,0
341,420,0,0,0,3,3,1,0.666666667
342,421,0,0,2,1,3,2,0.333333333
343,424,0,0,0,0,15,0,0
344,425,0,12,0,53,33,2,0.848484848
345,426,0,0,0,19,49,1,0.979591837
346,428,0,0,0,0,29,0,0
347,430,0,0,1,0,5,1,0.6
348,432,0,0,0,0,3,0,0
349,433,0,2,4,8,5,2,0.6
350,434,0,0,1,8,24,1,0.791666667
351,435,0,0,0,0,43,0,0
352,436,0,0,6,7,17,1,0.823529412
353,438,0,0,0,0,10,0,0
354,439,0,0,0,14,44,1,0.840909091
355,440,0,0,0,1,11,1,0.909090909
356,441,0,0,0,11,23,1,1
357,442,0,0,0,0,35,0,0
358,444,0,6,17,22,41,2,0.243902439
359,446,0,0,0,0,44,0,0
360,447,0,3,0,12,7,2,0.714285714
361,448,0,5,3,6,5,2,0.8
362,449,0,0,0,3,5,2,0.2
363,450,0,0,0,0,1,0,0
364,451,0,0,2,10,50,1,0.4
365,452,0,6,21,32,50,2,0.3
366,453,0,0,0,0,22,0,0
367,454,0,0,0,0,15,0,0
368,455,0,0,0,0,44,0,0
369,457,0,0,0,0,3,0,0
370,458,0,0,0,0,32,0,0
371,459,0,2,12,12,10,2,0.4
372,461,0,0,2,7,44,1,0.431818182
373,463,0,9,13,19,35,2,0.371428571
374,465,0,0,1,7,41,1,0.243902439
375,466,0,0,0,0,15,0,0
376,467,0,0,0,0,38,0,0
377,468,0,0,0,0,44,0,0
378,471,0,0,28,46,47,2,0.531914894
379,472,0,0,12,18,41,1,0.951219512
380,474,0,0,0,0,6,0,0
381,475,0,0,1,0,24,2,0.041666667
382,476,0,0,2,3,28,1,0.25
383,477,0,0,0,0,48,0,0
384,478,0,9,17,0,13,2,1
385,479,0,8,15,19,27,2,0.444444444
386,480,0,0,0,0,10,0,0
387,481,0,7,17,0,33,2,0.454545455
388,483,0,0,0,2,3,1,1
389,485,0,0,0,0,30,0,0
390,486,0,0,0,0,6,0,0
391,487,0,13,30,51,39,2,0.769230769
392,488,0,0,3,6,35,1,0.342857143
393,489,0,0,2,7,35,1,0.285714286
394,490,0,1,4,6,2,2,1
395,491,0,0,0,0,13,0,0
396,492,0,0,0,0,5,0,0
397,493,0,18,49,62,46,2,0.847826087
398,494,0,0,0,0,28,0,0
399,495,0,0,0,0,43,0,0
400,496,0,0,0,0,41,0,0
401,497,0,0,0,0,33,0,0
402,501,0,2,28,26,17,2,0.882352941
403,503,0,0,1,7,24,1,0.5
404,504,0,0,12,12,36,1,0.75
405,506,0,0,0,0,42,0,0
406,507,0,0,0,0,5,0,0
407,508,0,0,0,6,26,1,0.769230769
408,509,0,21,40,57,36,2,0.972222222
409,510,0,0,0,0,2,0,0
410,511,0,0,0,0,47,0,0
411,512,0,0,0,0,4,1,0.25
412,513,0,8,31,0,50,2,0.4
413,515,0,0,0,0,25,0,0
414,516,0,0,0,0,23,0,0
415,517,0,0,0,0,24,0,0
416,518,0,13,24,29,32,2,0.59375
417,519,0,0,0,0,1,0,0
418,520,0,0,0,0,47,0,0
419,521,0,0,0,0,45,0,0
420,522,0,0,0,2,17,1,0.470588235
421,523,0,0,0,0,32,0,0
422,527,0,0,0,0,3,0,0
423,528,0,0,0,0,37,0,0
424,529,0,0,1,1,34,1,0.294117647
425,530,0,0,0,0,50,0,0
426,531,0,0,0,0,47,0,0
427,532,0,0,0,0,22,0,0
428,535,0,19,34,40,32,2,0.875
429,536,0,0,0,0,2,1,0.5
430,537,0,5,7,12,33,2,0.242424242
431,540,0,0,4,9,26,1,0.538461538
432,542,0,6,0,26,50,2,0.28
433,543,0,0,0,0,4,0,0
434,544,0,7,19,45,47,2,0.489361702
435,546,0,0,0,0,4,1,0.25
436,547,0,0,0,0,16,0,0
437,548,0,19,47,80,49,2,0.734693878
438,549,0,0,1,4,16,1,0.4375
439,550,0,7,12,16,13,2,0.769230769
440,551,0,5,5,8,18,2,0.166666667
441,552,0,0,3,4,3,2,0.666666667
442,554,0,5,11,18,33,2,0.303030303
443,555,0,0,0,0,14,0,0
444,558,0,0,6,15,39,1,0.897435897
445,559,0,0,0,0,22,0,0
446,560,0,0,0,0,1,0,0
447,561,0,0,0,0,47,0,0
448,562,0,0,0,0,19,0,0
449,563,0,0,0,0,25,0,0
450,564,0,0,0,0,18,0,0
451,565,0,10,34,42,32,2,0.75
452,566,0,1,4,5,5,2,0.6
453,567,0,0,12,19,29,1,0.827586207
454,568,0,22,0,68,42,2,0.80952381
455,570,0,0,4,11,23,1,0.826086957
456,573,0,0,6,8,23,1,0.52173913
457,574,0,0,0,0,29,0,0
458,575,0,0,0,4,18,2,0.111111111
459,576,0,4,15,21,22,2,0.454545455
460,577,0,0,0,0,28,0,0
461,578,0,11,0,34,17,2,0.941176471
462,579,0,0,4,9,29,1,0.413793103
463,581,0,0,0,0,7,0,0
464,585,0,0,0,0,10,0,0
465,586,0,0,0,7,4,2,1
466,587,0,0,0,0,30,0,0
467,588,0,0,0,0,10,0,0
468,590,0,0,27,52,28,2,0.928571429
469,591,0,0,0,0,34,0,0
470,592,0,0,13,12,17,2,0.529411765
471,593,0,0,0,0,19,0,0
472,594,0,0,0,0,48,0,0
473,595,0,0,0,0,35,0,0
474,597,0,0,0,0,30,0,0
475,598,0,0,6,7,20,1,0.85
476,599,0,0,0,0,5,0,0
477,600,0,0,0,0,17,0,0
478,602,0,0,2,4,25,1,0.32
479,604,0,2,5,4,10,2,0.5
480,605,0,0,1,5,16,1,0.1875
481,606,0,0,0,0,31,0,0
482,607,0,5,6,0,8,2,0.875
483,608,0,0,0,0,20,0,0
484,609,0,0,0,4,31,1,0.161290323
485,610,0,5,7,12,21,2,0.333333333
486,611,0,0,0,0,38,0,0
487,612,0,0,0,0,10,0,0
488,613,0,0,0,0,42,0,0
489,614,0,0,0,0,48,0,0
490,615,0,0,0,0,36,0,0
491,616,0,0,4,15,23,1,0.739130435
492,617,0,0,0,0,13,0,0
493,618,0,3,10,7,18,2,0.333333333
494,619,0,4,0,14,43,2,0.162790698
495,620,0,0,0,0,8,0,0
496,621,0,0,0,0,18,0,0
497,622,0,0,0,0,22,0,0
498,623,0,0,0,0,8,0,0
499,625,0,0,0,0,3,0,0
500,626,0,5,9,5,30,2,0.166666667
501,628,0,0,0,2,46,1,0.152173913
502,629,0,0,0,0,5,0,0
503,630,0,0,0,0,9,0,0
504,631,0,0,0,0,33,0,0
505,632,0,0,0,0,14,0,0
506,633,0,0,0,0,19,0,0
507,635,0,0,0,0,18,0,0
508,636,0,0,0,0,49,0,0
509,637,0,23,41,61,38,2,0.894736842
510,639,0,0,0,0,49,0,0
511,640,0,0,5,3,19,1,0.894736842
512,641,0,0,1,0,2,1,0.5
513,642,0,0,1,4,16,1,0.625
514,643,0,1,2,4,13,2,0.153846154
515,644,0,0,0,0,4,0,0
516,645,0,3,12,23,14,2,0.642857143
517,646,0,0,0,0,4,0,0
518,647,0,0,6,10,23,1,0.608695652
519,648,0,0,10,16,48,1,0.8125
520,649,0,0,5,14,31,1,0.709677419
521,650,0,0,0,0,2,0,0
522,651,0,0,0,0,41,0,0
523,652,0,0,0,0,4,0,0
524,653,0,0,0,0,15,0,0
525,654,0,10,23,26,28,2,0.607142857
526,655,0,0,0,0,17,0,0
527,656,0,0,3,0,14,1,0.714285714
528,657,0,10,34,29,25,2,0.8
529,658,0,0,0,0,8,0,0
530,659,0,0,5,5,42,1,0.428571429
531,660,0,0,2,2,6,1,0.333333333
532,661,0,0,0,0,29,0,0
533,662,0,0,0,0,31,0,0
534,666,0,1,0,2,1,2,1
535,667,0,0,0,0,9,0,0
536,668,0,0,0,0,6,0,0
537,669,0,0,0,0,17,0,0
538,672,0,0,0,0,36,0,0
539,673,0,0,0,0,38,0,0
540,674,0,0,0,0,36,0,0
541,675,0,0,0,1,30,1,0.066666667
542,676,0,0,4,22,43,1,0.813953488
543,679,0,0,0,0,4,0,0
544,680,0,0,0,0,8,0,0
545,681,0,6,0,8,47,2,0.234042553
546,682,0,0,0,0,4,0,0
547,683,0,1,4,5,17,2,0.117647059
548,684,0,0,0,0,42,0,0
549,685,0,0,2,5,21,1,0.476190476
550,686,0,0,1,3,9,1,0.555555556
551,687,0,0,0,0,30,0,0
552,688,0,0,0,0,14,0,0
553,689,0,0,0,0,3,0,0
554,690,0,4,7,18,10,2,0.9
555,691,0,13,21,34,22,2,0.954545455
556,693,0,0,0,0,4,0,0
557,694,0,0,0,0,43,0,0
558,695,0,0,17,23,36,2,0.472222222
559,696,0,7,19,0,27,2,0.555555556
560,697,0,0,0,0,44,0,0
561,698,0,0,0,0,16,0,0
562,699,0,0,23,33,50,2,0.42
563,700,0,0,0,0,13,0,0
564,701,0,0,0,0,19,0,0
565,702,0,0,2,0,27,1,0.407407407
566,704,0,0,0,17,33,2,0.333333333
567,705,0,0,0,0,31,0,0
568,706,0,2,1,6,4,2,1
569,707,0,0,0,0,23,0,0
570,708,0,6,17,16,8,2,1
571,710,0,0,0,0,36,0,0
572,711,0,0,0,6,39,1,0.461538462
573,712,0,3,10,15,8,2,1
574,713,0,0,4,8,27,1,0.333333333
575,714,0,0,2,3,6,1,0.833333333
576,715,0,0,0,0,7,0,0
577,718,0,0,0,1,1,1,1
578,719,0,2,4,10,26,2,0.153846154
579,720,0,3,6,6,14,2,0.571428571
580,721,0,0,0,0,13,0,0
581,722,0,0,0,0,32,0,0
582,724,0,0,0,0,21,0,0
583,725,0,0,0,0,33,0,0
584,727,0,0,0,0,15,0,0
585,728,0,0,0,0,9,0,0
586,730,0,0,11,10,48,1,0.416666667
587,731,0,0,2,1,32,1,0.15625
588,732,0,3,0,0,3,2,0.666666667
589,733,0,0,2,0,8,1,0.625
590,734,0,0,0,0,49,0,0
591,735,0,0,0,0,41,0,0
592,737,0,0,0,0,34,0,0
593,738,0,0,0,0,49,0,0
594,739,0,0,0,0,30,0,0
595,740,0,0,2,5,9,1,0.666666667
596,743,0,0,1,1,10,1,0.4
597,745,0,0,0,0,41,0,0
598,746,0,0,0,0,12,0,0
599,747,0,7,0,13,26,2,0.384615385
600,748,0,0,0,0,12,0,0
601,749,0,0,0,2,16,1,0.5
602,751,0,0,0,0,37,0,0
603,752,0,0,7,16,34,2,0.294117647
604,753,0,0,0,0,3,0,0
605,754,0,0,6,17,47,1,0.574468085
606,755,0,13,29,27,41,2,0.463414634
607,756,0,14,17,23,30,2,0.566666667
608,757,0,0,3,1,25,1,0.16
609,759,0,5,4,6,22,2,0.181818182
610,760,0,0,0,0,15,0,0
611,762,0,0,0,0,30,0,0
612,763,0,0,9,0,46,1,0.717391304
613,765,0,0,5,14,27,1,0.814814815
614,766,0,22,20,31,28,2,0.785714286
615,767,0,0,0,0,16,0,0
616,768,0,0,0,0,25,0,0
617,769,0,0,0,0,16,0,0
618,770,0,0,0,0,27,0,0
619,771,0,0,0,0,6,0,0
620,772,0,0,0,0,43,0,0
621,773,0,0,0,0,35,0,0
622,774,0,0,0,0,25,0,0
623,775,0,0,0,0,34,0,0
624,776,0,0,0,8,16,1,0.875
625,777,0,13,22,45,30,2,0.866666667
626,778,0,0,0,0,36,0,0
627,779,0,0,0,0,21,0,0
628,780,0,0,4,9,46,1,0.282608696
629,782,0,0,0,0,5,0,0
630,784,0,0,1,0,5,1,0.2
631,785,0,0,0,0,28,0,0
632,787,0,0,0,0,47,0,0
633,788,0,0,6,22,45,1,0.977777778
634,790,0,16,36,0,47,2,0.617021277
635,791,0,0,0,0,2,0,0
636,793,0,0,0,3,5,2,0.2
637,794,0,0,0,0,49,0,0
638,795,0,0,4,5,22,1,0.636363636
639,797,0,0,0,0,21,0,0
640,798,0,1,0,10,41,2,0.097560976
641,799,0,0,5,11,15,2,0.333333333
642,801,0,0,0,1,19,1,0.210526316
643,802,0,0,0,0,45,0,0
644,803,0,0,0,0,2,0,0
645,805,0,0,0,0,10,1,0.1
646,806,0,0,0,0,5,0,0
647,807,0,0,1,4,30,1,0.3
648,808,0,7,6,14,15,2,0.533333333
649,810,0,0,0,0,6,1,0.5
650,811,0,0,5,9,37,1,0.486486486
651,812,0,5,0,14,15,2,0.4
652,813,0,0,0,0,22,0,0
653,814,0,0,0,0,10,0,0
654,815,0,0,0,0,1,1,1
655,816,0,3,11,10,19,2,0.473684211
656,818,0,0,0,0,21,0,0
657,819,0,0,0,0,11,0,0
658,820,0,0,0,0,17,0,0
659,821,0,8,15,27,12,2,1
660,822,0,0,18,22,44,1,1
661,824,0,0,0,0,32,0,0
662,826,0,0,0,0,33,0,0
663,827,0,0,0,0,46,0,0
664,829,0,0,0,0,32,0,0
665,830,0,0,9,25,38,1,0.789473684
666,832,0,2,3,4,17,2,0.176470588
667,833,0,0,9,7,49,1,0.428571429
668,834,0,0,9,0,31,2,0.161290323
669,835,0,0,0,7,38,1,0.157894737
670,836,0,0,0,2,5,1,0.2
671,838,0,2,1,1,1,2,1
672,839,0,0,0,0,27,0,0
673,840,0,0,0,0,43,0,0
674,841,0,0,0,0,26,0,0
675,842,0,0,0,0,18,0,0
676,843,0,0,0,0,26,0,0
677,845,0,0,5,11,36,1,0.833333333
678,846,0,0,0,0,16,1,0.1875
679,847,0,0,0,0,3,0,0
680,848,0,0,0,0,1,0,0
681,849,0,0,5,6,3,2,1
682,850,0,0,0,0,9,0,0
683,851,0,23,0,73,42,2,0.928571429
684,852,0,1,1,2,4,2,0.25
685,853,0,0,10,17,30,1,1
686,854,0,0,0,0,19,0,0
687,855,0,0,0,0,20,0,0
688,856,0,0,0,0,30,0,0
689,857,0,0,3,2,42,2,0.023809524
690,859,0,0,0,0,44,0,0
691,861,0,17,20,31,19,2,0.947368421
692,863,0,0,11,24,46,1,0.913043478
693,864,0,0,0,0,19,0,0
694,865,0,4,0,25,32,2,0.40625
695,866,0,0,2,0,3,1,0.333333333
696,867,0,0,1,1,1,1,1
697,868,0,0,0,0,15,0,0
698,869,0,19,20,50,27,2,0.851851852
699,870,0,5,6,18,30,2,0.3
700,871,0,0,4,7,42,1,0.619047619
701,872,0,0,0,0,13,0,0
702,873,0,0,1,2,13,1,0.923076923
703,874,0,0,0,0,12,0,0
704,875,0,0,0,0,39,0,0
705,876,0,4,16,23,34,2,0.294117647
706,877,0,0,0,0,28,0,0
707,878,0,0,0,0,1,1,1
708,879,0,0,0,0,12,0,0
709,880,0,0,0,0,38,0,0
710,881,0,0,9,12,32,1,0.84375
711,882,0,0,2,9,29,1,0.275862069
712,883,0,0,2,3,26,1,0.307692308
713,884,0,0,0,0,37,0,0
714,886,0,0,1,1,23,1,0.130434783
715,888,0,0,0,2,10,1,0.2
716,889,0,0,0,0,6,0,0
717,890,0,1,8,12,14,2,0.571428571
718,891,0,0,5,12,25,1,0.8
719,892,0,0,0,0,11,0,0
720,894,0,2,3,2,22,2,0.136363636
721,896,0,18,0,55,34,2,0.882352941
722,897,0,0,4,14,35,1,0.885714286
723,898,0,0,0,0,49,0,0
724,899,0,0,0,0,11,0,0
725,900,0,0,0,0,19,0,0
726,902,0,0,0,21,48,1,0.6875
727,903,0,0,0,0,4,0,0
728,904,0,0,4,12,22,1,0.454545455
729,905,0,0,0,0,12,0,0
730,909,0,0,0,0,28,0,0
731,910,0,11,38,48,29,2,0.896551724
732,911,0,0,0,0,5,0,0
733,912,0,0,0,0,9,0,0
734,913,0,0,0,0,48,0,0
735,914,0,0,0,0,17,0,0
736,915,0,0,6,10,44,1,0.681818182
737,916,0,0,0,0,17,0,0
738,917,0,0,0,0,11,0,0
739,918,0,13,0,69,48,2,0.6875
740,919,0,3,9,21,27,2,0.444444444
741,920,0,4,23,33,23,2,0.695652174
742,921,0,8,18,37,47,2,0.404255319
743,923,0,6,29,36,23,2,0.869565217
744,924,0,0,2,5,5,1,1
745,926,0,1,5,2,33,2,0.060606061
746,928,0,0,0,0,45,0,0
747,929,0,21,57,78,45,2,0.911111111
748,931,0,13,0,44,31,2,0.709677419
749,932,0,0,9,11,43,1,1
750,933,0,0,1,1,46,1,0.043478261
751,934,0,0,0,0,43,0,0
752,935,0,0,0,0,22,0,0
753,936,0,3,0,9,3,2,1
754,937,0,3,0,14,26,2,0.307692308
755,938,0,0,0,0,39,0,0
756,939,0,0,0,0,5,0,0
757,942,0,0,0,0,47,0,0
758,943,0,0,5,6,23,2,0.130434783
759,944,0,0,0,11,24,1,0.916666667
760,945,0,0,7,19,41,1,0.707317073
761,946,0,0,0,0,13,0,0
762,947,0,0,0,0,18,0,0
763,948,0,0,0,0,39,0,0
764,949,0,0,0,0,42,0,0
765,950,0,0,0,0,11,0,0
766,951,0,0,0,0,5,0,0
767,953,0,0,0,0,31,0,0
768,954,0,0,16,21,50,1,0.86
769,958,0,0,0,0,50,0,0
770,959,0,0,0,0,9,1,0.333333333
771,960,0,0,3,7,19,1,0.578947368
772,961,0,0,2,2,35,1,0.114285714
773,962,0,0,0,0,14,0,0
774,963,0,0,0,0,21,0,0
775,964,0,0,0,0,1,0,0
776,965,0,0,0,0,25,0,0
777,966,0,0,0,0,4,0,0
778,967,0,0,0,0,31,0,0
779,968,0,0,7,14,29,1,0.896551724
780,969,0,0,1,1,23,1,0.260869565
781,970,0,0,5,10,21,1,1
782,972,0,0,0,2,11,1,0.181818182
783,973,0,13,0,35,20,2,0.7
784,975,0,3,10,21,11,2,0.636363636
785,976,0,0,0,0,32,0,0
786,977,0,7,0,24,27,2,0.555555556
787,981,0,0,0,0,47,0,0
788,982,0,0,0,0,36,0,0
789,983,0,0,0,5,23,1,0.565217391
790,985,0,0,0,0,38,0,0
791,986,0,0,0,0,35,0,0
792,987,0,0,0,0,30,0,0
793,988,0,0,0,0,22,0,0
794,989,0,0,0,0,34,0,0
795,990,0,0,4,6,17,1,0.941176471
796,991,0,0,1,1,18,1,0.277777778
797,992,0,0,0,0,17,0,0
798,994,0,9,12,0,42,2,0.238095238
799,995,0,19,35,57,39,2,0.769230769
800,996,0,0,0,0,23,0,0
801,997,0,2,0,0,7,2,0.714285714
802,998,0,0,0,2,2,1,1
803,999,0,0,7,23,47,1,0.680851064
804,1001,0,2,0,2,2,2,0.5
805,1002,0,0,1,2,18,1,0.111111111
806,1004,0,15,42,64,29,2,1
807,1005,0,0,0,3,47,1,0.14893617
808,1006,0,10,22,41,29,2,0.793103448
809,1007,0,0,0,0,26,0,0
810,1008,0,0,5,8,18,1,1
811,1012,0,0,0,7,8,2,0.5
812,1013,0,1,2,1,1,2,1
813,1014,0,0,3,5,23,1,0.391304348
814,1015,0,0,0,0,41,0,0
815,1016,0,0,0,0,26,0,0
816,1017,0,0,0,0,10,1,0.3
817,1018,0,0,1,4,20,1,0.1
818,1019,0,0,0,0,23,0,0
819,1023,0,0,0,1,40,1,0.075
820,1024,0,0,0,0,17,0,0
821,1025,0,0,0,0,20,0,0
822,1026,0,0,0,0,3,0,0
823,1027,0,0,0,0,33,0,0
824,1029,0,0,0,0,5,0,0
825,1030,0,0,0,1,48,1,0.020833333
826,1031,0,0,1,3,13,2,0.076923077
827,1034,0,0,3,0,9,2,0.333333333
828,1035,0,0,0,0,37,0,0
829,1036,0,0,0,9,46,1,0.260869565
830,1037,0,0,0,0,42,0,0
831,1038,0,0,2,2,28,1,0.142857143
832,1039,0,0,0,0,28,0,0
833,1040,0,0,0,0,30,0,0
834,1041,0,0,0,0,38,0,0
835,1042,0,0,1,6,9,1,0.777777778
836,1043,0,0,8,9,49,2,0.142857143
837,1044,0,0,0,0,46,0,0
838,1045,0,0,0,0,23,0,0
839,1046,0,0,0,0,25,0,0
840,1047,0,7,4,0,9,2,0.777777778
841,1048,0,11,0,22,31,2,0.548387097
842,1049,0,0,2,4,13,1,0.538461538
843,1050,0,0,0,0,46,0,0
844,1051,0,0,0,0,25,0,0
845,1052,0,0,0,0,43,0,0
846,1054,0,0,0,0,17,0,0
847,1055,0,0,1,5,41,1,0.170731707
848,1056,0,0,0,0,35,0,0
849,1057,0,0,0,0,40,0,0
850,1058,0,0,0,0,13,0,0
851,1060,0,6,22,28,47,2,0.276595745
852,1061,0,17,52,77,37,2,0.972972973
853,1062,0,4,8,11,9,2,0.666666667
854,1063,0,12,30,69,31,2,0.967741935
855,1064,0,0,0,0,17,0,0
856,1065,0,0,0,0,19,0,0
857,1066,0,16,31,44,43,2,0.534883721
858,1068,0,0,0,0,20,0,0
859,1069,0,0,2,4,47,1,0.276595745
860,1071,0,2,0,20,10,2,1
861,1072,0,0,4,6,11,1,1
862,1073,0,0,0,0,1,0,0
863,1074,0,0,0,0,21,0,0
864,1075,0,0,1,4,13,1,0.615384615
865,1076,0,0,0,0,21,0,0
866,1077,0,0,1,8,14,1,1
867,1078,0,0,3,0,6,1,0.666666667
868,1079,0,0,1,0,1,2,1
869,1080,0,0,0,0,38,0,0
870,1081,0,0,0,0,50,0,0
871,1082,0,0,0,0,29,0,0
872,1083,0,26,48,80,43,2,1
873,1084,0,0,0,0,3,0,0
874,1085,0,0,0,0,31,0,0
875,1086,0,0,0,0,8,0,0
876,1088,0,0,0,0,20,0,0
877,1089,0,5,0,14,30,2,0.333333333
878,1090,0,0,3,6,4,2,0.75
879,1091,0,0,0,0,35,0,0
880,1092,0,0,0,0,6,0,0
881,1093,0,0,0,0,13,0,0
882,1094,0,0,0,0,34,0,0
883,1095,0,0,2,12,25,1,0.96
884,1096,0,0,0,0,37,0,0
885,1097,0,4,6,14,26,2,0.307692308
886,1099,0,0,3,4,20,1,0.35
887,1100,0,18,0,85,46,2,1
888,1102,0,0,0,0,36,0,0
889,1103,0,0,0,0,18,0,0
890,1104,0,0,0,0,34,0,0
891,1105,0,0,0,0,25,0,0
892,1107,0,0,6,8,31,1,0.64516129
893,1108,0,0,0,0,50,0,0
894,1109,0,0,4,7,41,1,0.292682927
895,1110,0,16,21,40,36,2,0.611111111
896,1111,0,0,0,2,10,1,0.2
897,1112,0,0,0,0,40,0,0
898,1113,0,0,0,0,12,0,0
899,1114,0,0,0,0,49,0,0
900,1115,0,17,19,36,20,2,0.95
901,1116,0,0,0,0,40,0,0
902,1117,0,0,0,0,2,0,0
903,1118,0,0,0,0,29,0,0
904,1119,0,0,0,0,11,0,0
905,1121,0,0,5,15,42,1,0.619047619
906,1122,0,0,2,4,7,1,1
907,1123,0,0,0,0,19,0,0
908,1125,0,16,0,37,21,2,1
909,1126,0,8,0,21,14,2,0.928571429
910,1127,0,0,0,0,8,0,0
911,1128,0,0,0,2,2,2,0.5
912,1129,0,0,0,0,19,0,0
913,1130,0,0,12,34,50,1,1
914,1131,0,0,0,0,10,0,0
915,1132,0,0,0,0,10,0,0
916,1133,0,0,13,32,50,1,0.92
917,1135,0,0,24,37,40,2,0.55
918,1136,0,0,0,0,4,1,0.25
919,1137,0,0,0,0,7,0,0
920,1138,0,0,0,2,11,1,0.545454545
921,1139,0,0,0,0,38,0,0
922,1140,0,0,1,5,17,1,0.235294118
923,1141,0,0,0,0,34,0,0
924,1142,0,0,0,0,19,0,0
925,1143,0,0,7,22,47,1,0.85106383
926,1144,0,0,2,20,47,1,0.744680851
927,1145,0,0,0,0,20,1,0.05
928,1146,0,6,13,0,49,2,0.224489796
929,1147,0,0,1,2,49,1,0.142857143
930,1148,0,0,0,0,2,0,0
931,1149,0,0,0,0,15,0,0
932,1151,0,23,0,54,30,2,0.866666667
933,1152,0,0,33,46,30,2,0.766666667
934,1153,0,0,2,2,6,2,0.166666667
935,1154,0,0,0,11,28,2,0.142857143
936,1155,0,0,0,0,8,0,0
937,1158,0,0,0,0,30,0,0
938,1159,0,0,0,0,8,0,0
939,1160,0,5,17,18,29,2,0.413793103
940,1161,0,0,0,0,6,0,0
941,1162,0,3,3,4,6,2,0.5
942,1163,0,0,0,0,40,0,0
943,1164,0,0,0,0,31,0,0
944,1165,0,0,0,0,3,0,0
945,1167,0,1,8,15,44,2,0.181818182
946,1169,0,0,0,0,48,0,0
947,1170,0,0,0,4,27,1,0.185185185
948,1171,0,0,6,0,45,1,0.977777778
949,1172,0,0,0,0,41,0,0
950,1173,0,0,0,1,37,1,0.216216216
951,1175,0,0,0,0,5,0,0
952,1176,0,0,0,0,48,0,0
953,1177,0,0,0,0,23,0,0
954,1179,0,0,0,0,14,0,0
955,1181,0,0,0,1,3,1,0.333333333
956,1182,0,0,0,12,40,2,0.225
957,1183,0,0,6,9,42,1,0.5
958,1184,0,0,1,0,11,2,0.090909091
959,1185,0,0,0,0,8,0,0
960,1187,0,0,0,0,46,0,0
961,1188,0,0,0,0,15,0,0
962,1189,0,0,1,5,27,1,0.222222222
963,1190,0,0,0,0,5,0,0
964,1191,0,0,0,0,34,0,0
965,1192,0,0,0,0,49,0,0
966,1196,0,0,0,0,41,0,0
967,1197,0,2,3,6,8,2,0.5
968,1198,0,0,9,23,48,1,0.8125
969,1199,0,0,2,3,23,1,0.391304348
970,1200,0,0,0,0,10,0,0
971,1202,0,0,0,0,10,0,0
972,1203,0,0,0,0,44,0,0
973,1204,0,8,13,18,19,2,0.526315789
974,1205,0,0,0,0,27,0,0
975,1206,0,0,0,0,12,0,0
976,1207,0,1,9,19,41,2,0.219512195
977,1209,0,0,0,0,11,0,0
978,1211,0,0,0,0,35,0,0
979,1212,0,0,0,0,14,0,0
980,1213,0,0,0,0,39,0,0
981,1214,0,0,0,0,38,0,0
982,1215,0,0,2,6,13,1,0.769230769
983,1216,0,0,3,5,31,1,0.290322581
984,1217,0,0,0,0,21,0,0
985,1218,0,2,10,13,15,2,0.4
986,1219,0,0,0,0,31,0,0
987,1220,0,0,0,0,19,0,0
988,1222,0,6,0,15,34,2,0.294117647
989,1223,0,0,0,0,32,0,0
990,1224,0,0,0,0,29,0,0
991,1225,0,0,0,0,8,0,0
992,1226,0,0,5,8,32,1,0.59375
993,1227,0,0,0,0,20,0,0
994,1228,0,0,1,1,26,1,0.115384615
995,1229,0,0,6,8,44,1,0.431818182
996,1230,0,0,0,0,19,0,0
997,1232,0,6,10,34,26,2,0.615384615
998,1233,0,0,2,17,37,1,0.756756757
999,1234,0,0,3,5,6,1,1
1000,1235,0,0,1,2,8,1,0.875
1001,1236,0,0,0,0,30,0,0
1002,1239,0,0,0,0,11,0,0
1003,1240,0,0,0,0,35,0,0
1004,1242,0,0,0,0,10,0,0
1005,1245,0,0,0,0,40,0,0
1006,1246,0,0,1,10,13,1,1
1007,1247,0,0,0,0,17,0,0
1008,1249,0,0,10,9,38,1,0.5
1009,1250,0,0,8,8,34,1,0.617647059
1010,1251,0,0,0,0,16,0,0
1011,1253,0,0,0,0,14,0,0
1012,1254,0,0,0,0,27,0,0
1013,1255,0,0,0,0,10,0,0
1014,1256,0,0,0,1,1,2,1
1015,1257,0,0,0,0,3,0,0
1016,1259,0,0,0,0,19,0,0
1017,1261,0,0,0,0,49,0,0
1018,1262,0,14,33,34,29,2,0.75862069
1019,1263,0,0,58,88,48,2,0.979166667
1020,1264,0,0,0,0,24,0,0
1021,1265,0,17,21,55,34,2,0.764705882
1022,1266,0,19,0,45,49,2,0.591836735
1023,1267,0,0,0,0,19,0,0
1024,1269,0,0,0,0,31,0,0
1025,1270,0,10,32,27,20,2,1
1026,1271,0,0,0,24,30,2,0.5
1027,1272,0,0,0,0,2,0,0
1028,1273,0,0,0,0,1,1,1
1029,1274,0,17,41,49,41,2,0.609756098
1030,1275,0,0,0,0,12,0,0
1031,1276,0,0,1,0,15,1,0.466666667
1032,1277,0,0,0,0,13,1,0.153846154
1033,1278,0,0,0,0,38,0,0
1034,1279,0,0,0,0,44,0,0
1035,1280,0,0,0,0,1,0,0
1036,1281,0,0,0,17,30,1,0.866666667
1037,1282,0,2,0,3,4,2,0.25
1038,1283,0,0,0,4,4,2,0.5
1039,1284,0,0,0,0,5,0,0
1040,1285,0,0,0,0,8,0,0
1041,1286,0,8,25,31,37,2,0.432432432
1042,1287,0,0,0,0,35,0,0
1043,1288,0,0,2,0,17,1,0.588235294
1044,1289,0,1,8,14,48,2,0.125
1045,1291,0,0,2,5,33,1,0.212121212
1046,1292,0,0,3,7,5,1,1
1047,1293,0,15,26,0,31,2,0.838709677
1048,1294,0,0,0,0,1,0,0
1049,1297,0,0,0,0,19,0,0
1050,1298,0,2,7,5,6,2,0.666666667
1051,1299,0,0,3,4,10,1,0.8
1052,1300,0,0,0,0,13,0,0
1053,1301,0,0,0,0,7,0,0
1054,1302,0,0,0,0,30,0,0
1055,1303,0,0,5,8,27,1,0.777777778
1056,1304,0,0,0,0,6,0,0
1057,1305,0,0,1,2,6,1,0.833333333
1058,1306,0,5,14,24,48,2,0.208333333
1059,1307,0,0,0,0,25,0,0
1060,1308,0,0,0,0,36,0,0
1061,1313,0,15,19,37,24,2,0.791666667
1062,1314,0,0,0,0,46,0,0
1063,1315,0,0,0,0,37,0,0
1064,1316,0,0,3,0,21,1,0.142857143
1065,1317,0,16,48,69,41,2,0.780487805
1066,1318,0,0,0,0,44,0,0
1067,1319,0,0,0,0,3,0,0
1068,1320,0,0,0,0,48,0,0
1069,1321,0,22,45,0,44,2,0.772727273
1070,1322,0,0,4,2,37,1,0.459459459
1071,1324,0,0,0,1,6,1,0.5
1072,1326,0,3,8,12,50,2,0.12
1073,1327,0,0,7,20,45,1,0.8
1074,1328,0,0,0,0,36,0,0
1075,1330,0,0,0,5,1,2,1
1076,1331,0,0,0,0,43,0,0
1077,1332,0,0,0,0,46,0,0
1078,1333,0,0,0,0,1,0,0
1079,1334,0,0,6,10,28,1,0.928571429
1080,1335,0,0,0,0,7,0,0
1081,1336,0,3,6,0,9,2,0.555555556
1082,1337,0,0,0,0,21,0,0
1083,1338,0,0,0,0,32,0,0
1084,1339,0,0,1,6,36,1,0.222222222
1085,1340,0,0,0,0,11,0,0
1086,1341,0,0,0,0,28,0,0
1087,1346,0,1,4,7,15,2,0.266666667
1088,1347,0,0,0,0,5,0,0
1089,1348,0,0,0,16,34,1,0.852941176
1090,1349,0,0,0,0,44,0,0
1091,1351,0,0,0,0,26,0,0
1092,1352,0,14,26,48,30,2,0.866666667
1093,1353,0,1,0,10,20,2,0.2
1094,1354,0,0,2,6,46,1,0.195652174
1095,1355,0,0,0,0,49,0,0
1096,1356,0,0,0,0,4,0,0
1097,1357,0,0,0,0,41,0,0
1098,1358,0,0,2,5,17,1,0.588235294
1099,1359,0,0,5,6,28,1,0.535714286
1100,1360,0,0,0,0,49,0,0
1101,1361,0,0,0,0,40,0,0
1102,1362,0,0,0,0,26,0,0
1103,1363,0,4,6,11,9,2,0.666666667
1104,1364,0,0,0,0,45,0,0
1105,1366,0,0,0,0,41,0,0
1106,1367,0,0,0,0,30,0,0
1107,1368,0,0,0,0,42,0,0
1108,1369,0,0,0,0,39,0,0
1109,1370,0,10,29,27,32,2,0.53125
1110,1371,0,0,6,5,16,2,0.3125
1111,1373,0,0,7,11,49,1,0.510204082
1112,1374,0,0,0,0,5,0,0
1113,1375,0,0,0,0,3,0,0
1114,1376,0,14,32,0,46,2,0.5
1115,1377,0,0,0,0,13,0,0
1116,1379,0,7,0,26,45,2,0.244444444
1117,1381,0,0,0,6,31,1,0.225806452
1118,1384,0,6,10,13,40,2,0.175
1119,1386,0,5,11,20,30,2,0.266666667
1120,1387,0,0,0,0,16,0,0
1121,1389,0,0,0,0,17,0,0
1122,1390,0,1,3,2,6,2,0.166666667
1123,1391,0,1,2,0,11,2,0.272727273
1124,1392,0,0,1,3,34,1,0.029411765
1125,1393,0,0,0,0,22,0,0
1126,1394,0,0,1,3,11,1,0.181818182
1127,1395,0,0,0,0,8,0,0
1128,1396,0,1,0,2,22,2,0.090909091
1129,1397,0,7,12,27,24,2,0.541666667
1130,1398,0,0,0,0,15,0,0
1131,1399,0,0,0,3,31,1,0.258064516
1132,1400,0,0,0,0,43,0,0
1133,1401,0,0,1,0,8,1,0.25
1134,1402,0,0,0,4,49,1,0.204081633
1135,1403,0,22,39,65,36,2,0.972222222
1136,1404,0,0,0,1,15,1,0.066666667
1137,1405,0,0,0,0,35,0,0
1138,1406,0,0,2,9,21,1,0.571428571
1139,1407,0,0,0,0,21,0,0
1140,1408,0,0,0,2,12,2,0.083333333
1141,1409,0,0,0,0,43,0,0
1142,1410,0,8,24,0,24,2,0.666666667
1143,1412,0,0,0,8,8,1,1
1144,1413,0,0,0,0,23,0,0
1145,1414,0,0,0,0,17,0,0
1146,1415,0,8,23,30,39,2,0.384615385
1147,1416,0,0,0,0,25,0,0
1148,1418,0,0,0,0,12,0,0
1149,1419,0,0,4,8,26,1,0.692307692
1150,1420,0,5,0,25,22,2,0.590909091
1151,1421,0,0,2,2,18,1,0.388888889
1152,1422,0,0,0,0,43,0,0
1153,1423,0,0,2,5,15,1,0.6
1154,1424,0,0,0,0,3,0,0
1155,1426,0,0,0,3,28,1,0.107142857
1156,1429,0,0,0,0,21,0,0
1157,1430,0,0,1,1,5,1,0.6
1158,1432,0,6,2,3,36,2,0.111111111
1159,1433,0,12,29,39,41,2,0.512195122
1160,1434,0,0,0,0,14,0,0
1161,1435,0,0,0,0,17,0,0
1162,1436,0,0,0,0,10,0,0
1163,1437,0,0,0,0,24,0,0
1164,1438,0,5,9,15,19,2,0.526315789
1165,1439,0,0,5,10,29,1,0.517241379
1166,1440,0,0,0,14,45,1,0.444444444
1167,1442,0,0,5,17,32,1,0.96875
1168,1443,0,0,0,0,48,0,0
1169,1444,0,0,0,1,2,1,0.5
1170,1446,0,5,7,22,10,2,1
1171,1447,0,0,0,1,46,1,0.043478261
1172,1448,0,0,0,0,10,0,0
1173,1449,0,4,21,18,41,2,0.390243902
1174,1450,0,0,1,0,4,1,0.5
1175,1452,0,0,0,0,12,0,0
1176,1453,0,0,0,0,14,0,0
1177,1454,0,0,0,8,27,1,0.740740741
1178,1455,0,0,0,0,25,0,0
1179,1456,0,0,0,0,40,0,0
1180,1457,0,0,1,0,6,1,0.333333333
1181,1458,0,0,0,0,25,0,0
1182,1459,0,0,3,2,17,1,0.117647059
1183,1460,0,0,0,0,39,0,0
1184,1461,0,3,14,12,10,2,0.7
1185,1462,0,0,0,0,16,0,0
1186,1464,0,0,0,0,50,0,0
1187,1465,0,0,0,3,1,1,1
1188,1467,0,0,2,3,31,2,0.032258065
1189,1468,0,11,17,25,32,2,0.5
1190,1469,0,0,10,18,48,1,0.770833333
1191,1470,0,0,0,0,17,0,0
1192,1471,0,0,4,7,47,1,0.255319149
1193,1472,0,0,3,15,41,1,0.731707317
1194,1474,0,0,0,0,46,0,0
1195,1475,0,8,20,37,30,2,0.733333333
1196,1476,0,0,1,0,27,1,0.111111111
1197,1477,0,0,4,4,8,2,0.25
1198,1478,0,0,0,0,4,0,0
1199,1479,0,0,3,18,50,1,0.68
1200,1481,0,0,0,0,23,0,0
1201,1482,0,0,10,0,39,1,0.871794872
1202,1483,0,0,7,27,45,1,0.866666667
1203,1484,0,0,3,4,20,1,0.5
1204,1485,0,0,0,2,1,1,1
1205,1488,0,0,6,19,37,1,0.810810811
1206,1489,0,0,0,0,5,0,0
1207,1490,0,0,0,0,26,0,0
1208,1492,0,0,2,0,12,1,0.166666667
1209,1493,0,4,11,15,33,2,0.242424242
1210,1494,0,0,2,3,11,1,0.363636364
1211,1495,0,1,0,6,7,2,0.571428571
1212,1496,0,0,0,0,43,0,0
1213,1497,0,12,26,0,27,2,0.777777778
1214,1499,0,0,0,0,40,0,0
1215,1500,0,0,0,0,25,0,0
1216,1501,0,0,2,4,20,1,0.5
1217,1502,0,0,3,10,12,2,0.333333333
1218,1504,0,0,0,0,19,0,0
1219,1505,0,9,0,34,26,2,0.730769231
1220,1506,0,1,0,3,11,2,0.181818182
1221,1507,0,0,0,0,25,0,0
1222,1508,0,0,0,0,19,0,0
1223,1511,0,0,0,0,24,0,0
1224,1512,0,9,18,24,17,2,0.705882353
1225,1514,0,0,2,11,17,1,0.588235294
1226,1515,0,12,0,30,25,2,0.88
1227,1517,0,0,1,5,19,1,0.368421053
1228,1518,0,0,1,2,40,1,0.225
1229,1519,0,9,0,23,29,2,0.517241379
1230,1520,0,0,0,0,37,0,0
1231,1521,0,0,3,3,15,1,0.666666667
1232,1522,0,4,14,9,22,2,0.318181818
1233,1523,0,0,1,1,11,1,0.363636364
1234,1524,0,0,0,0,36,0,0
1235,1526,0,0,0,0,37,0,0
1236,1527,0,18,47,63,35,2,0.8
1237,1529,0,0,0,0,26,0,0
1238,1530,0,0,2,1,5,1,0.4
1239,1531,0,0,0,0,31,0,0
1240,1533,0,0,0,0,47,0,0
1241,1534,0,0,0,1,4,2,0.25
1242,1535,0,0,0,0,14,1,0.571428571
1243,1537,0,0,2,5,4,2,0.5
1244,1538,0,0,1,2,4,1,1
1245,1539,0,15,30,32,32,2,0.59375
1246,1540,0,0,0,0,41,0,0
1247,1541,0,0,0,0,16,0,0
1248,1543,0,17,47,60,48,2,0.708333333
1249,1545,0,0,0,0,46,0,0
1250,1546,0,0,0,0,11,0,0
1251,1547,0,0,0,0,32,0,0
1252,1548,0,0,0,0,38,0,0
1253,1549,0,0,7,15,34,1,0.941176471
1254,1550,0,0,7,10,50,1,0.56
1255,1551,0,0,0,0,16,0,0
1256,1552,0,1,6,6,25,2,0.16
1257,1553,0,0,0,0,16,0,0
1258,1554,0,5,14,0,32,2,0.59375
1259,1555,0,0,0,1,48,1,0.0625
1260,1556,0,0,0,0,27,0,0
1261,1557,0,0,0,0,37,0,0
1262,1558,0,6,0,12,12,2,0.416666667
1263,1559,0,0,0,0,29,0,0
1264,1560,0,0,7,6,16,2,0.25
1265,1561,0,0,0,0,9,0,0
1266,1563,0,0,5,13,21,1,1
1267,1564,0,11,25,25,33,2,0.606060606
1268,1565,0,0,0,0,8,0,0
1269,1566,0,0,4,2,24,1,0.416666667
1270,1567,0,0,0,0,29,0,0
1271,1570,0,0,0,0,15,0,0
1272,1571,0,0,0,0,30,0,0
1273,1572,0,0,0,7,39,1,0.41025641
1274,1573,0,10,12,25,35,2,0.342857143
1275,1577,0,0,0,0,17,0,0
1276,1578,0,0,0,0,16,1,0.125
1277,1579,0,0,0,21,46,1,0.891304348
1278,1580,0,0,0,1,2,1,1
1279,1581,0,0,0,0,46,0,0
1280,1583,0,0,0,0,42,0,0
1281,1584,0,0,0,0,48,0,0
1282,1585,0,0,0,0,35,0,0
1283,1586,0,0,0,0,20,0,0
1284,1587,0,0,0,0,43,0,0
1285,1588,0,0,0,0,36,0,0
1286,1589,0,0,0,0,13,0,0
1287,1590,0,0,0,0,47,0,0
1288,1591,0,12,31,0,43,2,0.534883721
1289,1592,0,0,0,0,31,0,0
1290,1593,0,0,0,0,19,0,0
1291,1594,0,0,6,6,30,1,0.633333333
1292,1595,0,0,1,4,37,1,0.243243243
1293,1596,0,0,0,0,37,0,0
1294,1599,0,18,0,68,40,2,0.925
1295,1600,0,4,19,18,24,2,0.583333333
1296,1601,0,0,6,5,15,1,0.933333333
1297,1602,0,1,0,4,20,2,0.05
1298,1603,0,0,0,0,2,0,0
1299,1604,0,0,6,16,39,1,0.897435897
1300,1605,0,0,0,3,9,1,0.333333333
1301,1606,0,0,0,2,15,1,0.2
1302,1607,0,0,0,0,20,0,0
1303,1608,0,0,0,0,22,0,0
1304,1609,0,5,10,32,14,2,1
1305,1610,0,0,0,0,46,0,0
1306,1611,0,0,5,2,1,2,1
1307,1612,0,0,3,17,44,1,1
1308,1614,0,0,0,0,9,0,0
1309,1615,0,0,0,0,42,0,0
1310,1616,0,0,0,2,31,1,0.322580645
1311,1618,0,0,4,16,32,1,0.96875
1312,1619,0,0,0,0,31,0,0
1313,1622,0,0,0,0,32,0,0
1314,1623,0,0,0,0,9,0,0
1315,1624,0,0,0,0,40,0,0
1316,1625,0,0,0,5,50,1,0.1
1317,1626,0,1,0,3,9,2,0.222222222
1318,1628,0,0,2,6,16,1,0.5
1319,1629,0,0,0,0,17,0,0
1320,1630,0,0,1,1,19,1,0.052631579
1321,1631,0,0,0,0,18,0,0
1322,1632,0,0,2,2,9,1,0.666666667
1323,1633,0,0,0,0,26,0,0
1324,1634,0,0,0,0,3,0,0
1325,1635,0,0,6,20,50,1,0.76
1326,1636,0,0,0,0,26,0,0
1327,1639,0,0,0,0,9,0,0
1328,1640,0,18,41,56,44,2,0.704545455
1329,1641,0,0,0,0,18,0,0
1330,1643,0,0,0,0,46,0,0
1331,1644,0,0,1,10,31,2,0.096774194
1332,1645,0,0,0,0,18,0,0
1333,1646,0,0,2,5,29,1,0.482758621
1334,1647,0,0,0,0,10,0,0
1335,1648,0,0,4,6,37,1,0.324324324
1336,1649,0,11,0,35,24,2,0.916666667
1337,1650,0,0,5,7,16,1,0.9375
1338,1652,0,0,13,25,44,1,0.954545455
1339,1653,0,9,0,39,39,2,0.538461538
1340,1654,0,0,1,6,25,1,0.16
1341,1655,0,0,0,0,37,0,0
1342,1656,0,0,0,0,15,0,0
1343,1657,0,3,8,2,5,2,0.8
1344,1658,0,0,0,0,34,0,0
1345,1660,0,0,0,0,43,1,0.046511628
1346,1661,0,0,0,0,32,0,0
1347,1662,0,0,0,0,27,0,0
1348,1663,0,0,0,16,33,1,0.96969697
1349,1665,0,0,0,0,38,0,0
1350,1666,0,0,0,0,35,0,0
1351,1667,0,0,0,0,34,0,0
1352,1668,0,0,0,0,49,0,0
1353,1669,0,0,0,9,47,1,0.29787234
1354,1670,0,0,0,0,45,0,0
1355,1671,0,0,0,0,14,0,0
1356,1672,0,9,17,47,22,2,0.954545455
1357,1674,0,0,0,0,34,0,0
1358,1676,0,0,0,0,23,0,0
1359,1677,0,0,0,0,3,0,0
1360,1678,0,0,0,2,28,1,0.142857143
1361,1679,0,0,1,0,16,1,0.8125
1362,1680,0,0,0,0,37,0,0
1363,1681,0,0,0,0,31,0,0
1364,1683,0,0,9,11,25,1,1
1365,1684,0,0,0,0,11,0,0
1366,1686,0,0,1,5,2,2,1
1367,1688,0,0,0,0,18,0,0
1368,1689,0,0,0,0,13,0,0
1369,1690,0,9,23,19,38,2,0.315789474
1370,1691,0,0,0,0,7,0,0
1371,1692,0,0,7,19,35,1,0.857142857
1372,1694,0,0,0,0,27,0,0
1373,1695,0,0,8,12,40,1,0.525
1374,1697,0,1,14,10,42,2,0.142857143
1375,1698,0,0,0,0,33,0,0
1376,1699,0,0,0,0,8,0,0
1377,1700,0,2,2,7,49,2,0.102040816
1378,1701,0,0,0,2,1,1,1
1379,1702,0,0,9,12,32,1,0.9375
1380,1703,0,0,5,10,39,1,0.461538462
1381,1704,0,0,0,0,19,0,0
1382,1705,0,0,6,21,37,1,0.702702703
1383,1706,0,0,0,17,37,1,0.594594595
1384,1707,0,0,8,17,41,1,0.682926829
1385,1708,0,0,0,0,38,0,0
1386,1710,0,0,1,4,40,1,0.425
1387,1711,0,0,0,0,27,0,0
1388,1712,0,0,2,10,19,1,0.631578947
1389,1713,0,0,5,1,46,1,0.282608696
1390,1714,0,0,0,3,49,1,0.183673469
1391,1715,0,0,0,0,27,0,0
1392,1717,0,0,1,1,32,1,0.09375
1393,1718,0,0,0,0,11,0,0
1394,1719,0,0,0,0,35,0,0
1395,1721,0,0,0,0,34,0,0
1396,1722,0,0,0,0,38,0,0
1397,1723,0,0,0,50,36,2,0.638888889
1398,1724,0,0,1,0,10,1,0.2
1399,1725,0,0,3,7,37,1,0.459459459
1400,1726,0,0,0,0,3,0,0
1401,1727,0,0,0,0,22,0,0
1402,1728,0,0,0,5,45,1,0.088888889
1403,1730,0,0,0,0,43,0,0
1404,1731,0,0,0,0,47,0,0
1405,1732,0,22,41,59,36,2,0.777777778
1406,1733,0,0,5,3,40,1,0.325
1407,1734,0,0,0,0,16,0,0
1408,1735,0,4,7,13,10,2,0.7
1409,1736,0,4,0,23,18,2,0.5
1410,1737,0,7,18,29,49,2,0.326530612
1411,1739,0,13,50,63,39,2,0.948717949
1412,1740,0,0,0,0,41,0,0
1413,1741,0,4,10,19,46,2,0.152173913
1414,1742,0,0,2,8,27,1,0.407407407
1415,1743,0,0,0,3,8,2,0.125
1416,1744,0,0,1,3,24,1,0.25
1417,1745,0,0,0,0,45,0,0
1418,1746,0,11,0,0,26,2,0.961538462
1419,1747,0,0,0,0,36,0,0
1420,1748,0,0,0,0,18,0,0
1421,1750,0,0,0,0,36,0,0
1422,1752,0,5,20,25,35,2,0.314285714
1423,1753,0,0,0,0,42,0,0
1424,1754,0,0,0,0,31,0,0
1425,1755,0,2,8,0,37,2,0.135135135
1426,1756,0,0,0,0,12,0,0
1427,1757,0,7,13,17,13,2,0.846153846
1428,1758,0,0,0,0,30,0,0
1429,1759,0,16,0,0,36,2,1
1430,1760,0,0,0,0,4,0,0
1431,1761,0,0,0,0,29,0,0
1432,1762,0,0,0,0,50,0,0
1433,1763,0,0,0,0,45,0,0
1434,1764,0,0,0,0,9,0,0
1435,1766,0,0,0,0,17,0,0
1436,1767,0,0,0,0,31,0,0
1437,1770,0,0,0,0,26,0,0
1438,1771,0,0,0,0,16,0,0
1439,1772,0,0,0,0,35,0,0
1440,1773,0,0,0,0,1,0,0
1441,1774,0,0,2,8,47,1,0.446808511
1442,1777,0,0,0,0,13,0,0
1443,1778,0,0,0,0,37,0,0
1444,1779,0,0,0,0,47,0,0
1445,1780,0,2,0,0,6,2,0.666666667
1446,1781,0,0,0,0,4,2,0.25
1447,1783,0,25,47,0,46,2,0.934782609
1448,1785,0,0,5,7,4,2,0.5
1449,1786,0,0,9,14,36,1,0.805555556
1450,1788,0,11,15,0,18,2,0.722222222
1451,1789,0,0,0,0,19,0,0
1452,1790,0,2,4,6,4,2,0.75
1453,1791,0,0,32,0,36,2,0.694444444
1454,1792,0,2,0,10,23,2,0.217391304
1455,1794,0,0,0,0,31,0,0
1456,1795,0,7,11,13,29,2,0.413793103
1457,1796,0,0,0,0,24,0,0
1458,1797,0,0,0,0,28,0,0
1459,1798,0,0,0,0,18,0,0
1460,1801,0,1,0,7,14,2,0.285714286
1461,1802,0,0,0,0,21,0,0
1462,1804,0,0,2,2,13,1,1
1463,1805,0,4,3,7,26,2,0.115384615
1464,1806,0,0,0,0,12,0,0
1465,1807,0,0,3,2,27,1,0.37037037
1466,1808,0,0,0,0,27,0,0
1467,1811,0,6,8,13,13,2,0.461538462
1468,1812,0,0,1,7,19,1,0.736842105
1469,1813,0,0,1,9,30,2,0.1
1470,1814,0,1,3,7,11,2,0.363636364
1471,1815,0,0,3,4,20,1,0.3
1472,1816,0,0,0,0,30,0,0
1473,1817,0,0,2,3,12,1,0.583333333
1474,1820,0,0,0,0,36,0,0
1475,1823,0,3,0,15,17,2,0.411764706
1476,1825,0,0,3,15,47,1,0.574468085
1477,1826,0,0,1,0,3,2,0.333333333
1478,1828,0,0,0,0,34,0,0
1479,1830,0,0,0,0,29,0,0
1480,1831,0,0,0,0,21,0,0
1481,1832,0,8,15,36,47,2,0.404255319
1482,1833,0,10,10,18,26,2,0.423076923
1483,1834,0,0,1,0,12,1,0.083333333
1484,1835,0,0,0,0,19,0,0
1485,1836,0,5,0,38,38,2,0.447368421
1486,1837,0,0,0,0,17,0,0
1487,1838,0,0,7,17,37,1,0.648648649
1488,1839,0,0,0,1,8,1,0.375
1489,1840,0,0,0,0,42,0,0
1490,1841,0,0,1,3,16,1,0.4375
1491,1842,0,16,36,0,40,2,0.675
1492,1843,0,0,0,0,31,0,0
1493,1845,0,0,0,0,31,0,0
1494,1846,0,0,0,0,3,0,0
1495,1847,0,2,3,8,4,2,1
1496,1849,0,0,0,0,15,0,0
1497,1850,0,0,0,0,48,0,0
1498,1851,0,0,0,0,33,0,0
1499,1852,0,0,1,6,2,2,1
1500,1853,0,0,0,2,9,1,0.444444444
1501,1854,0,0,1,3,28,1,0.178571429
1502,1855,0,0,4,11,31,2,0.193548387
1503,1857,0,0,0,0,49,0,0
1504,1858,0,0,0,0,14,0,0
1505,1859,0,0,0,0,44,0,0
1506,1861,0,0,0,0,27,0,0
1507,1862,0,0,0,0,11,0,0
1508,1864,0,7,0,26,17,2,1
1509,1865,0,5,11,0,28,2,0.357142857
1510,1866,0,0,0,0,8,0,0
1511,1867,0,0,0,0,16,0,0
1512,1868,0,0,1,6,13,1,0.461538462
1513,1870,0,0,0,0,48,0,0
1514,1871,0,0,1,10,28,1,0.75
1515,1873,0,0,0,0,30,0,0
1516,1876,0,0,11,16,25,2,0.2
1517,1878,0,0,2,7,42,1,0.357142857
1518,1879,0,0,0,0,34,0,0
1519,1881,0,0,0,0,33,0,0
1520,1883,0,7,15,26,16,2,0.75
1521,1884,0,0,0,0,21,0,0
1522,1885,0,0,0,0,49,0,0
1523,1889,0,2,7,9,4,2,0.75
1524,1891,0,15,36,40,45,2,0.577777778
1525,1896,0,0,0,0,16,0,0
1526,1897,0,0,0,0,45,0,0
1527,1900,0,0,1,0,5,1,0.4
1528,1902,0,0,13,0,46,1,0.717391304
1529,1903,0,0,0,0,17,0,0
1530,1904,0,0,0,0,36,0,0
1531,1905,0,0,0,0,2,0,0
1532,1906,0,0,0,0,34,0,0
1533,1907,0,0,0,0,29,0,0
1534,1908,0,7,19,29,47,2,0.29787234
1535,1909,0,2,10,11,10,2,0.5
1536,1910,0,8,0,36,35,2,0.457142857
1537,1911,0,0,0,0,16,0,0
1538,1913,0,0,1,6,11,1,0.363636364
1539,1914,0,0,0,0,15,0,0
1540,1915,0,0,0,0,6,0,0
1541,1916,0,0,0,0,1,0,0
1542,1918,0,0,0,0,36,0,0
1543,1919,0,4,0,10,32,2,0.1875
1544,1920,0,0,0,0,26,0,0
1545,1922,0,0,28,34,28,2,0.75
1546,1923,0,3,9,12,32,2,0.1875
1547,1924,0,10,0,22,16,2,0.6875
1548,1925,0,0,9,11,37,1,0.891891892
1549,1926,0,0,0,0,18,0,0
1550,1928,0,0,0,0,6,0,0
1551,1929,0,4,7,14,20,2,0.35
1552,1930,0,0,1,6,12,1,1
1553,1931,0,0,0,0,17,0,0
1554,1932,0,14,31,53,46,2,0.543478261
1555,1933,0,0,5,7,21,1,0.571428571
1556,1934,0,0,0,0,37,0,0
1557,1937,0,5,15,0,19,2,0.736842105
1558,1939,0,0,4,5,33,1,0.393939394
1559,1941,0,2,2,2,2,2,0.5
1560,1944,0,13,22,31,18,2,0.888888889
1561,1945,0,5,10,0,17,2,0.529411765
1562,1946,0,0,0,0,48,0,0
1563,1947,0,0,0,0,38,0,0
1564,1948,0,0,0,0,22,0,0
1565,1949,0,0,1,1,11,1,0.909090909
1566,1950,0,0,0,0,30,0,0
1567,1951,0,0,0,0,24,0,0
1568,1952,0,0,0,0,2,0,0
1569,1953,0,0,3,0,8,1,1
1570,1956,0,0,0,14,29,1,0.793103448
1571,1957,0,0,0,0,45,0,0
1572,1958,0,0,0,15,35,1,0.828571429
1573,1961,0,11,28,28,32,2,0.53125
1574,1963,0,1,2,6,2,2,0.5
1575,1964,0,6,9,24,21,2,0.380952381
1576,1965,0,0,0,0,16,0,0
1577,1966,0,0,0,0,44,0,0
1578,1967,0,0,0,0,18,0,0
1579,1969,0,0,1,6,35,1,0.457142857
1580,1970,0,0,5,11,28,1,0.785714286
1581,1971,0,0,0,0,30,0,0
1582,1974,0,0,0,0,8,1,0.125
1583,1976,0,11,22,30,22,2,0.772727273
1584,1978,0,0,0,1,7,1,0.285714286
1585,1979,0,0,0,0,20,0,0
1586,1980,0,0,0,0,21,0,0
1587,1981,0,0,5,15,28,1,0.857142857
1588,1985,0,0,0,0,25,0,0
1589,1986,0,0,0,0,28,0,0
1590,1987,0,0,0,0,48,0,0
1591,1988,0,6,15,28,39,2,0.282051282
1592,1989,0,0,6,17,28,1,0.964285714
1593,1990,0,13,0,62,42,2,0.785714286
1594,1991,0,0,0,10,45,1,0.466666667
1595,1992,0,5,0,36,22,2,0.818181818
1596,1993,0,0,0,0,4,0,0
1597,1995,0,0,38,38,47,2,0.446808511
1598,1997,0,0,0,0,44,0,0
1599,1998,0,0,0,0,5,0,0
1600,1999,0,0,9,16,38,1,0.684210526
1601,2000,0,0,0,0,36,0,0
1602,2001,0,0,0,0,33,0,0
1603,2002,0,0,2,5,23,1,0.608695652
1604,2005,0,16,26,30,28,2,0.785714286
1605,2007,0,0,3,7,34,1,0.529411765
1606,2010,0,0,0,0,16,0,0
1607,2011,0,0,3,5,26,1,0.269230769
1608,2013,0,0,5,5,5,2,1
1609,2015,0,0,0,0,27,0,0
1610,2016,0,0,0,0,35,0,0
1611,2018,0,12,39,0,26,2,0.961538462
1612,2020,0,0,0,0,20,0,0
1613,2021,0,0,0,0,14,0,0
1614,2022,0,0,0,0,6,0,0
1615,2023,0,0,0,0,32,0,0
1616,2024,0,0,0,2,10,1,0.8
1617,2026,0,0,0,0,44,0,0
1618,2028,0,7,0,35,34,2,0.676470588
1619,2029,0,1,0,3,4,2,0.75
1620,2030,0,0,0,0,3,0,0
1621,2031,0,0,6,20,40,1,0.75
1622,2033,0,0,0,0,1,1,1
1623,2034,0,0,0,0,34,0,0
1624,2035,0,0,0,0,50,0,0
1625,2037,0,0,0,0,49,0,0
1626,2038,0,0,1,0,1,1,1
1627,2039,0,4,11,21,42,2,0.19047619
1628,2040,0,0,2,6,44,1,0.159090909
1629,2041,0,3,0,11,9,2,0.555555556
1630,2042,0,0,0,0,11,0,0
1631,2043,0,0,8,11,36,1,0.805555556
1632,2044,0,0,0,0,36,0,0
1633,2046,0,0,0,0,50,0,0
1634,2047,0,0,0,0,25,0,0
1635,2048,0,0,0,2,44,1,0.045454545
1636,2049,0,0,0,0,45,0,0
1637,2050,0,0,0,0,32,0,0
1638,2051,0,0,0,0,32,0,0
1639,2052,0,0,32,48,45,2,0.533333333
1640,2053,0,0,1,7,15,1,0.666666667
1641,2054,0,2,5,7,15,2,0.333333333
1642,2055,0,0,0,0,23,0,0
1643,2056,0,0,4,4,25,1,0.44
1644,2057,0,0,0,0,28,0,0
1645,2058,0,0,0,0,19,0,0
1646,2060,0,0,7,4,20,1,0.6
1647,2061,0,0,0,0,48,0,0
1648,2062,0,0,10,9,7,2,0.857142857
1649,2063,0,0,1,2,4,2,0.25
1650,2065,0,0,27,36,47,2,0.425531915
1651,2066,0,0,0,0,29,0,0
1652,2067,0,0,0,0,3,0,0
1653,2068,0,0,3,3,44,1,0.227272727
1654,2069,0,0,0,2,36,1,0.083333333
1655,2070,0,3,8,17,41,2,0.146341463
1656,2072,0,0,0,0,3,0,0
1657,2074,0,15,36,0,37,2,0.810810811
1658,2076,0,0,0,0,1,0,0
1659,2077,0,1,2,2,19,2,0.052631579
1660,2078,0,0,0,0,17,0,0
1661,2079,0,0,0,0,9,0,0
1662,2080,0,0,0,0,11,0,0
1663,2081,0,1,8,13,10,2,0.7
1664,2084,0,0,0,0,40,0,0
1665,2086,0,8,0,17,22,2,0.409090909
1666,2087,0,0,6,3,22,1,0.454545455
1667,2088,0,0,9,14,48,1,0.5
1668,2089,0,10,15,12,17,2,0.588235294
1669,2090,0,0,1,1,15,1,0.2
1670,2093,0,4,4,4,37,2,0.108108108
1671,2094,0,14,33,47,32,2,0.84375
1672,2095,0,0,0,9,8,2,0.75
1673,2096,0,0,0,0,6,1,0.166666667
1674,2097,0,16,48,59,32,2,0.9375
1675,2099,0,0,0,0,11,0,0
1676,2100,0,0,0,0,31,0,0
1677,2101,0,0,0,0,14,0,0
1678,2102,0,0,0,0,6,0,0
1679,2103,0,0,0,0,27,0,0
1680,2104,0,0,0,0,5,0,0
1681,2105,0,2,9,10,10,2,0.5
1682,2108,0,0,4,8,21,2,0.19047619
1683,2109,0,0,0,0,4,0,0
1684,2110,0,2,0,7,13,2,0.230769231
1685,2111,0,0,0,0,34,0,0
1686,2112,0,0,0,2,7,2,0.142857143
1687,2113,0,18,45,72,37,2,0.972972973
1688,2114,0,0,0,0,36,0,0
1689,2115,0,0,3,5,49,1,0.285714286
1690,2117,0,0,0,0,28,0,0
1691,2118,0,18,0,63,41,2,0.951219512
1692,2119,0,6,0,0,21,2,0.714285714
1693,2120,0,0,0,0,27,0,0
1694,2121,0,0,0,0,50,0,0
1695,2122,0,11,0,29,25,2,0.6
1696,2123,0,0,0,0,37,0,0
1697,2124,0,0,10,16,44,1,0.931818182
1698,2125,0,1,4,2,6,2,0.333333333
1699,2126,0,0,17,19,49,1,0.693877551
1700,2127,0,0,0,0,50,0,0
1701,2128,0,0,0,0,11,0,0
1702,2130,0,1,2,4,17,2,0.176470588
1703,2131,0,0,2,2,5,2,0.2
1704,2133,0,0,0,0,21,0,0
1705,2134,0,2,7,11,19,2,0.157894737
1706,2135,0,0,0,0,12,0,0
1707,2136,0,4,13,9,31,2,0.225806452
1708,2137,0,16,35,52,42,2,0.642857143
1709,2138,0,0,0,0,5,0,0
1710,2139,0,0,2,3,35,1,0.6
1711,2140,0,1,1,0,2,2,0.5
1712,2141,0,0,0,0,48,0,0
1713,2142,0,0,1,10,36,1,0.222222222
1714,2143,0,0,0,0,22,0,0
1715,2144,0,0,0,0,37,0,0
1716,2146,0,0,1,0,10,1,0.1
1717,2147,0,0,0,0,50,0,0
1718,2150,0,0,0,0,34,0,0
1719,2151,0,16,30,69,44,2,0.75
1720,2154,0,0,0,3,27,1,0.148148148
1721,2156,0,9,18,17,14,2,0.714285714
1722,2157,0,0,0,0,35,0,0
1723,2158,0,0,0,12,35,1,0.657142857
1724,2159,0,5,6,12,10,2,0.7
1725,2160,0,0,0,0,42,0,0
1726,2161,0,10,25,45,38,2,0.552631579
1727,2162,0,16,35,48,34,2,0.852941176
1728,2163,0,15,35,37,28,2,0.821428571
1729,2164,0,0,0,0,1,0,0
1730,2165,0,0,0,13,41,1,0.512195122
1731,2166,0,2,0,14,35,2,0.228571429
1732,2167,0,0,0,0,6,0,0
1733,2168,0,2,7,17,27,2,0.296296296
1734,2169,0,2,5,3,28,2,0.107142857
1735,2170,0,0,5,4,21,1,0.714285714
1736,2171,0,0,13,24,49,1,0.755102041
1737,2172,0,0,0,0,20,0,0
1738,2173,0,10,25,23,23,2,0.739130435
1739,2174,0,10,0,46,26,2,0.923076923
1740,2175,0,2,17,22,20,2,0.6
1741,2176,0,0,0,0,4,0,0
1742,2177,0,18,34,57,41,2,0.975609756
1743,2179,0,13,18,28,36,2,0.5
1744,2180,0,0,0,0,49,0,0
1745,2182,0,0,0,0,41,0,0
1746,2183,0,0,0,0,44,0,0
1747,2184,0,0,0,0,19,0,0
1748,2185,0,0,0,0,12,0,0
1749,2187,0,0,0,0,17,0,0
1750,2188,0,0,0,0,7,0,0
1751,2189,0,0,0,1,3,1,0.666666667
1752,2190,0,3,12,16,45,2,0.155555556
1753,2192,0,0,0,0,12,0,0
1754,2193,0,0,0,0,29,0,0
1755,2194,0,0,0,0,44,0,0
1756,2195,0,0,3,16,48,1,0.541666667
1757,2196,0,0,0,0,46,0,0
1758,2197,0,0,0,0,45,0,0
1759,2198,0,0,1,8,19,1,0.894736842
1760,2199,0,9,14,22,18,2,0.777777778
1761,2200,0,0,0,0,39,0,0
1762,2201,0,0,3,15,32,1,0.8125
1763,2202,0,0,0,0,33,0,0
1764,2204,0,0,1,6,29,1,0.24137931
1765,2206,0,0,0,0,44,0,0
1766,2207,0,0,2,5,23,1,0.304347826
1767,2208,0,0,0,0,9,0,0
1768,2209,0,0,0,0,46,0,0
1769,2210,0,4,5,6,4,2,0.75
1770,2211,0,0,0,0,44,0,0
1771,2213,0,0,0,0,1,0,0
1772,2214,0,0,1,2,40,1,0.1
1773,2216,0,0,3,8,16,1,0.75
1774,2217,0,0,3,9,13,1,0.923076923
1775,2219,0,12,0,40,28,2,0.607142857
1776,2220,0,4,11,0,16,2,0.375
1777,2222,0,0,0,0,4,0,0
1778,2223,0,0,0,0,39,0,0
1779,2224,0,2,8,10,18,2,0.333333333
1780,2225,0,10,12,19,45,2,0.266666667
1781,2226,0,0,2,1,3,1,0.666666667
1782,2227,0,0,0,0,29,0,0
1783,2228,0,0,7,13,26,1,1
1784,2229,0,0,0,0,34,0,0
1785,2230,0,0,2,17,43,1,0.511627907
1786,2232,0,0,0,0,5,0,0
1787,2233,0,7,14,24,32,2,0.46875
1788,2234,0,0,0,0,39,0,0
1789,2235,0,0,0,0,17,0,0
1790,2236,0,0,0,0,17,0,0
1791,2238,0,0,0,0,10,0,0
1792,2239,0,0,0,0,44,0,0
1793,2240,0,0,0,0,27,1,0.148148148
1794,2242,0,0,0,13,41,1,0.682926829
1795,2243,0,0,0,0,31,0,0
1796,2244,0,13,39,53,42,2,0.714285714
1797,2246,0,0,0,0,22,0,0
1798,2247,0,0,0,0,26,0,0
1799,2248,0,15,42,49,34,2,0.941176471
1800,2249,0,0,6,15,46,1,0.586956522
1801,2250,0,0,0,0,47,0,0
1802,2251,0,0,0,4,15,1,0.4
1803,2252,0,0,6,14,45,1,0.755555556
1804,2253,0,0,0,0,47,0,0
1805,2254,0,0,0,0,40,0,0
1806,2255,0,0,4,0,1,2,1
1807,2256,0,0,0,0,32,0,0
1808,2257,0,0,1,1,15,1,0.333333333
1809,2258,0,4,8,18,13,2,0.538461538
1810,2261,0,0,0,0,37,0,0
1811,2263,0,0,1,2,12,1,1
1812,2264,0,0,0,0,20,0,0
1813,2265,0,0,1,1,7,1,0.571428571
1814,2266,0,5,7,11,9,2,0.888888889
1815,2267,0,0,0,0,19,0,0
1816,2268,0,0,0,0,34,0,0
1817,2271,0,0,1,0,29,1,0.413793103
1818,2273,0,0,0,0,49,0,0
1819,2274,0,0,0,0,7,0,0
1820,2275,0,0,0,0,3,1,0.666666667
1821,2276,0,0,3,8,15,1,0.8
1822,2277,0,0,0,0,48,0,0
1823,2278,0,0,0,0,18,0,0
1824,2280,0,0,0,0,47,0,0
1825,2281,0,0,0,0,48,0,0
1826,2283,0,0,0,0,15,0,0
1827,2284,0,0,0,0,33,0,0
1828,2285,0,0,0,0,12,0,0
1829,2287,0,0,0,0,16,0,0
1830,2288,0,4,0,3,7,2,0.428571429
1831,2289,0,0,0,0,21,0,0
1832,2290,0,0,1,9,44,1,0.227272727
1833,2291,0,0,0,0,8,0,0
1834,2292,0,0,0,0,22,0,0
1835,2293,0,0,0,0,47,0,0
1836,2294,0,1,4,3,2,2,1
1837,2295,0,0,8,11,45,2,0.155555556
1838,2296,0,0,3,1,19,1,0.368421053
1839,2299,0,0,0,0,46,0,0
1840,2300,0,0,0,0,9,0,0
1841,2302,0,2,4,10,15,2,0.333333333
1842,2304,0,7,21,22,20,2,0.7
1843,2305,0,0,10,10,30,1,0.933333333
1844,2306,0,0,0,0,14,0,0
1845,2307,0,0,0,0,5,1,0.2
1846,2308,0,0,0,0,40,0,0
1847,2310,0,0,0,0,2,1,0.5
1848,2311,0,0,0,0,47,0,0
1849,2313,0,4,4,9,13,2,0.230769231
1850,2314,0,0,0,0,34,0,0
1851,2315,0,0,0,0,3,0,0
1852,2317,0,0,0,0,18,0,0
1853,2318,0,0,0,0,46,0,0
1854,2320,0,15,0,56,47,2,0.553191489
1855,2323,0,0,0,0,1,1,1
1856,2326,0,0,0,0,5,1,0.4
1857,2327,0,0,0,0,27,0,0
1858,2328,0,0,4,3,32,1,0.375
1859,2329,0,0,5,5,29,1,0.689655172
1860,2331,0,0,0,0,50,0,0
1861,2332,0,4,0,2,6,2,0.5
1862,2333,0,0,0,0,21,0,0
1863,2334,0,0,0,0,25,0,0
1864,2335,0,0,2,3,5,1,0.8
1865,2336,0,0,0,5,21,1,0.19047619
1866,2337,0,0,0,2,22,2,0.045454545
1867,2339,0,14,41,44,37,2,0.837837838
1868,2340,0,0,0,0,37,0,0
1869,2341,0,0,0,0,25,0,0
1870,2342,0,0,0,0,26,0,0
1871,2343,0,0,2,9,36,1,0.194444444
1872,2345,0,1,1,0,50,2,0.02
1873,2348,0,0,0,0,2,0,0
1874,2349,0,10,27,24,24,2,0.791666667
1875,2350,0,0,0,0,25,0,0
1876,2351,0,0,0,0,11,0,0
1877,2352,0,0,2,6,11,1,0.545454545
1878,2353,0,0,0,0,42,0,0
1879,2355,0,0,0,0,30,0,0
1880,2356,0,0,0,1,11,1,0.090909091
1881,2357,0,0,0,0,27,0,0
1882,2358,0,8,4,14,9,2,0.888888889
1883,2360,0,0,0,4,28,2,0.107142857
1884,2362,0,0,0,0,5,0,0
1885,2363,0,0,0,0,27,0,0
1886,2364,0,0,2,3,8,1,0.625
1887,2365,0,0,0,0,31,0,0
1888,2366,0,0,0,0,39,0,0
1889,2367,0,9,21,34,44,2,0.431818182
1890,2368,0,14,0,33,30,2,0.7
1891,2370,0,0,58,73,45,2,0.933333333
1892,2371,0,0,0,0,17,0,0
1893,2372,0,0,0,0,16,0,0
1894,2373,0,0,0,0,21,0,0
1895,2375,0,0,0,0,35,0,0
1896,2376,0,3,7,17,9,2,1
1897,2377,0,0,0,0,32,0,0
1898,2378,0,0,0,0,27,0,0
1899,2380,0,8,0,0,32,2,0.34375
1900,2381,0,0,0,6,6,1,0.833333333
1901,2382,0,0,0,0,23,0,0
1902,2384,0,0,5,9,7,2,0.571428571
1903,2386,0,1,4,2,41,2,0.073170732
1904,2387,0,0,0,0,24,0,0
1905,2388,0,0,0,0,32,0,0
1906,2391,0,0,3,9,44,1,0.386363636
1907,2392,0,2,3,11,23,2,0.173913043
1908,2393,0,0,0,0,41,0,0
1909,2395,0,0,0,0,21,0,0
1910,2396,0,0,0,0,48,0,0
1911,2397,0,14,20,31,23,2,0.956521739
1912,2398,0,0,3,3,5,1,1
1913,2399,0,9,26,43,50,2,0.5
1914,2401,0,0,0,0,9,0,0
1915,2402,0,0,0,0,26,0,0
1916,2403,0,0,0,0,11,0,0
1917,2404,0,0,1,10,37,1,0.432432432
1918,2406,0,0,0,0,49,0,0
1919,2408,0,0,0,0,6,0,0
1920,2409,0,0,0,0,8,0,0
1921,2410,0,0,2,1,45,1,0.111111111
1922,2411,0,0,0,0,43,0,0
1923,2412,0,0,0,0,22,0,0
1924,2413,0,0,0,0,26,0,0
1925,2414,0,0,0,0,37,0,0
1926,2415,0,0,0,0,47,0,0
1927,2416,0,0,3,14,23,1,1
1928,2417,0,0,3,6,13,2,0.153846154
1929,2418,0,0,0,0,35,0,0
1930,2420,0,0,2,1,8,1,0.375
1931,2421,0,0,2,0,4,1,0.75
1932,2422,0,0,0,0,34,0,0
1933,2423,0,0,0,0,1,2,1
1934,2424,0,17,44,0,44,2,0.681818182
1935,2425,0,0,0,0,40,0,0
1936,2426,0,0,0,0,12,0,0
1937,2427,0,0,0,0,40,0,0
1938,2428,0,12,27,32,24,2,0.791666667
1939,2429,0,6,4,6,27,2,0.185185185
1940,2430,0,0,0,0,18,0,0
1941,2431,0,0,0,0,46,0,0
1942,2432,0,0,0,0,48,0,0
1943,2434,0,0,0,0,37,0,0
1944,2435,0,0,0,0,2,0,0
1945,2436,0,0,0,0,23,0,0
1946,2437,0,0,0,0,12,1,0.083333333
1947,2438,0,0,0,0,2,0,0
1948,2439,0,0,1,8,19,1,0.368421053
1949,2440,0,2,0,4,20,2,0.25
1950,2441,0,0,0,1,16,1,0.1875
1951,2442,0,0,0,0,11,0,0
1952,2443,0,0,5,3,18,1,0.444444444
1953,2444,0,0,0,0,37,1,0.972972973
1954,2445,0,0,1,5,7,2,0.428571429
1955,2446,0,0,2,5,11,1,0.545454545
1956,2447,0,0,2,3,47,1,0.14893617
1957,2448,0,0,4,16,40,1,0.45
1958,2449,0,0,0,0,30,0,0
1959,2450,0,1,3,6,9,2,0.222222222
1960,2451,0,0,0,0,29,0,0
1961,2452,0,0,0,0,41,0,0
1962,2453,0,0,8,12,47,1,0.680851064
1963,2454,0,0,6,11,38,2,0.131578947
1964,2455,0,0,9,11,31,1,0.774193548
1965,2457,0,0,0,0,49,0,0
1966,2458,0,0,0,0,45,0,0
1967,2459,0,2,6,11,8,2,0.625
1968,2461,0,0,0,1,13,1,0.230769231
1969,2463,0,0,2,2,23,1,0.217391304
1970,2464,0,0,0,11,42,1,0.428571429
1971,2465,0,0,0,0,36,0,0
1972,2466,0,0,0,2,29,1,0.137931034
1973,2467,0,0,0,0,12,0,0
1974,2469,0,0,0,0,23,0,0
1975,2471,0,0,0,0,22,0,0
1976,2473,0,0,1,1,11,1,0.181818182
1977,2474,0,0,2,3,7,1,0.714285714
1978,2475,0,1,0,15,16,2,0.3125
1979,2477,0,0,0,0,40,0,0
1980,2478,0,5,7,0,49,2,0.163265306
1981,2479,0,0,2,2,22,1,0.590909091
1982,2480,0,0,0,1,3,1,1
1983,2481,0,0,0,0,35,0,0
1984,2483,0,2,8,11,37,2,0.162162162
1985,2484,0,0,0,4,25,1,0.28
1986,2485,0,0,3,5,42,1,0.166666667
1987,2486,0,0,3,0,34,1,0.794117647
1988,2488,0,0,0,0,48,0,0
1989,2489,0,0,0,0,32,0,0
1990,2490,0,0,0,0,39,0,0
1991,2491,0,0,0,0,28,0,0
1992,2492,0,0,0,0,25,0,0
1993,2493,0,0,0,0,12,0,0
1994,2494,0,0,0,1,41,1,0.146341463
1995,2496,0,0,0,0,9,0,0
1996,2497,0,14,32,52,33,2,0.818181818
1997,2498,0,0,7,17,36,1,0.805555556
1998,2499,0,0,0,0,4,0,0
1999,2500,0,0,0,1,2,1,1
